seed,train_step,episode,eval_flag,success,orbit_time_s,total_return,fuel_remaining,fuel_remaining_frac,apoapsis,periapsis,max_altitude,max_speed,termination_reason,episode_steps
0,24,0,False,False,nan,-4.771773385815322,0.0,0.0,86.68343071802519,-598306.9563213331,100.30880937748589,182.81804484205762,vessel_destroyed,24
0,38,1,False,False,nan,-4.869556100107729,0.0,0.0,93.6017558502499,-598596.4978181977,93.58662309648935,175.27452124199974,vessel_destroyed,14
0,59,2,False,False,nan,-4.800643191672862,0.0,0.0,70.89536420162767,-598463.4615794484,91.02485091111157,176.01725009207456,vessel_destroyed,21
0,75,3,False,False,nan,-4.850599211640656,0.0,0.0,73.54137469246052,-598444.0132868374,86.50418988708407,175.22824254783066,vessel_destroyed,16
0,91,4,False,False,nan,-4.850771810859442,0.0,0.0,80.27666555624455,-598249.3197717926,88.2402396282414,185.60786250904232,vessel_destroyed,16
0,104,5,False,False,nan,-4.88062459975481,0.0,0.0,80.67691132344771,-598564.8656348494,90.75667998800054,175.01107628466252,vessel_destroyed,13
0,117,6,False,False,nan,-4.879621694795787,0.0,0.0,84.86945510772057,-598482.598475596,92.48559779580683,179.27572822046784,vessel_destroyed,13
0,145,7,False,False,nan,-4.730353971943259,0.0,0.0,83.41143440257292,-598419.3809332417,90.64757074730005,176.47795584768016,vessel_destroyed,28
0,157,8,False,False,nan,-4.890354834496975,0.0,0.0,83.57369297253899,-598561.346900538,86.65159516420681,174.89038362175017,vessel_destroyed,12
0,170,9,False,False,nan,-4.880301404744387,0.0,0.0,85.01128406019416,-598427.7108202659,93.33194836508483,176.57147582735672,vessel_destroyed,13
0,188,10,False,False,nan,-4.83011148031801,0.0,0.0,86.01767532655504,-598499.4476206326,86.5427131903125,174.9162125097801,vessel_destroyed,18
0,204,11,False,False,nan,-4.8504926124587655,0.0,0.0,95.55622525466606,-598459.5104664402,86.45510977203958,176.0492594067175,vessel_destroyed,16
0,225,12,False,False,nan,-4.801134176552296,0.0,0.0,92.3784596985206,-598432.4873008353,104.95233304670546,176.4290419767445,vessel_destroyed,21
0,238,13,False,False,nan,-4.880132261663675,1409.289794921875,0.1957346937391493,87.17930411663838,-598445.0130279913,90.95788604451809,175.87227726151943,vessel_destroyed,13
0,251,14,False,False,nan,-4.8796696327626705,1406.7454833984375,0.19538131713867188,69.66998686140869,-598512.3045534426,95.50049233529717,176.7007930478795,vessel_destroyed,13
0,265,15,False,False,nan,-4.870580310001969,0.0,0.0,81.57091020746157,-598487.5000710028,88.96200819464866,175.10182694813474,vessel_destroyed,14
0,281,16,False,False,nan,-4.850670539774001,1413.634033203125,0.1963380601671007,73.96770890674088,-598423.9792339744,86.49172920756973,179.1005148228747,vessel_destroyed,16
0,299,17,False,False,nan,-4.83047035895288,0.0,0.0,69.09252195537556,-598407.75323134,95.83128902118187,176.7130311365415,vessel_destroyed,18
0,315,18,False,False,nan,-4.849997857585549,0.0,0.0,87.04314590839203,-598457.635025961,88.54102023201995,180.28014378655783,vessel_destroyed,16
0,329,19,False,False,nan,-4.870605023577809,0.0,0.0,73.6416379873408,-598533.2892590951,86.79427679302171,176.03976010660358,vessel_destroyed,14
0,342,20,False,False,nan,-4.880604003556073,0.0,0.0,72.84526418359019,-598404.0517256127,86.91417691996321,179.00626921681658,vessel_destroyed,13
0,364,21,False,False,nan,-4.789935330860317,0.0,0.0,69.01486451574601,-598498.7888783521,88.55614428210538,176.27904341303253,vessel_destroyed,22
0,375,22,False,False,nan,-4.900493237189949,0.0,0.0,82.37333350989502,-598472.5985790942,86.54228822898585,175.01826044839274,vessel_destroyed,11
0,394,23,False,False,nan,-4.820666247047484,0.0,0.0,81.0250368952984,-598447.0342825665,86.66805185959674,175.24610997023967,vessel_destroyed,19
0,407,24,False,False,nan,-4.880513831973076,0.0,0.0,70.66629301570356,-598422.9955939213,88.66359099117108,178.0838161010701,vessel_destroyed,13
0,419,25,False,False,nan,-4.8905807714909315,0.0,0.0,82.32947344065178,-598540.091075685,87.29718269058503,175.13227913412516,vessel_destroyed,12
0,432,26,False,False,nan,-4.880394516512752,0.0,0.0,84.11902502749581,-598441.0981370587,86.22430497547612,180.51369577700694,vessel_destroyed,13
0,446,27,False,False,nan,-4.870599093846977,1413.7052001953125,0.19634794447157117,74.00988146092277,-598402.6521892219,87.28196321055293,180.13239255539224,vessel_destroyed,14
0,472,28,False,False,nan,-4.750457042828202,0.0,0.0,69.74689874821343,-598429.003921809,87.87227509799413,181.7725031016221,vessel_destroyed,26
0,484,29,False,False,nan,-4.890625946223736,0.0,0.0,81.18672302807681,-598483.5507250477,88.96936412190553,175.62172776521734,vessel_destroyed,12
0,501,30,False,False,nan,-4.8401716612279415,1399.104736328125,0.19432010226779514,74.18242172594182,-598474.5985756651,88.19060443877243,175.87301797741495,vessel_destroyed,17
0,519,31,False,False,nan,-4.830184271559119,1399.7576904296875,0.1944107903374566,70.96649855328724,-598437.0202921878,86.60460967686959,175.95145841453132,vessel_destroyed,18
0,534,32,False,False,nan,-4.86035324446857,0.0,0.0,83.55304670904297,-598448.3724735613,86.19235270889476,175.0492916980161,vessel_destroyed,15
0,557,33,False,False,nan,-4.780609958805144,0.0,0.0,69.94883941148873,-598395.8195242439,90.45341173082124,177.15331760878473,vessel_destroyed,23
0,570,34,False,False,nan,-4.880628404207528,0.0,0.0,88.11986604204867,-598398.9054373095,87.44191902375314,177.97727386093632,vessel_destroyed,13
0,584,35,False,False,nan,-4.869722560979426,0.0,0.0,85.56242456764448,-598371.3497026343,88.82111974153668,179.349173374189,vessel_destroyed,14
0,599,36,False,False,nan,-4.860717738047242,0.0,0.0,80.47846661647782,-598486.98270726,88.81358400499448,175.2149406558526,vessel_destroyed,15
0,616,37,False,False,nan,-4.840231666341424,1396.2158203125,0.19391886393229166,70.239172711852,-598457.3178536148,88.7425658031134,175.9875974612834,vessel_destroyed,17
0,638,38,False,False,nan,-4.790552184917033,1394.702880859375,0.19370873345269096,74.09473186719697,-598428.3630877356,90.07074327592272,177.25464751159882,vessel_destroyed,22
0,649,39,False,False,nan,-4.900650141760707,0.0,0.0,72.94741524371784,-598446.4503775758,87.94093171646819,175.6749573621665,vessel_destroyed,11
0,660,40,False,False,nan,-4.900554725900292,0.0,0.0,82.1220847038785,-598592.157834191,90.40785024163779,175.00420101598942,vessel_destroyed,11
0,674,41,False,False,nan,-4.8693041717633605,0.0,0.0,92.00711906771176,-598543.7358673104,93.1883789076237,175.20984500071393,vessel_destroyed,14
0,694,42,False,False,nan,-4.81045410875231,0.0,0.0,82.88358693872578,-598365.9506395208,86.8765124459751,179.1005409114328,vessel_destroyed,20
0,707,43,False,False,nan,-4.880405399017036,1417.1004638671875,0.19681950887044272,70.78193053172436,-598351.6080392906,85.92374417022802,179.6197695874437,vessel_destroyed,13
0,721,44,False,False,nan,-4.870463778264821,0.0,0.0,68.63917906221468,-598532.7805958921,87.83161230501719,177.34386221096275,vessel_destroyed,14
0,740,45,False,False,nan,-4.820416661910713,0.0,0.0,82.7571976725012,-598453.0274707103,88.92601755168289,175.6774693639327,vessel_destroyed,19
0,753,46,False,False,nan,-4.880511872470379,0.0,0.0,92.33749646297656,-598445.6354922365,91.01000830868725,177.7207560052032,vessel_destroyed,13
0,780,47,False,False,nan,-4.740314669907093,1380.327880859375,0.1917122056749132,72.6998283410212,-598380.8152349888,92.1926130510401,181.15134983912083,vessel_destroyed,27
0,798,48,False,False,nan,-4.8304207399487495,0.0,0.0,68.91279874450993,-598349.9765197522,89.39417189429514,179.67192534652844,vessel_destroyed,18
0,809,49,False,False,nan,-4.9006610894575715,0.0,0.0,80.89753478160128,-598524.7894654167,88.6448537313845,175.20011480867828,vessel_destroyed,11
0,832,50,False,False,nan,-4.7805504379794,0.0,0.0,79.8257279205136,-598542.297441808,87.55569449590985,175.4564143035025,vessel_destroyed,23
0,847,51,False,False,nan,-4.860396168194711,0.0,0.0,84.587916658842,-598498.743500845,89.41184125095606,176.30904999821865,vessel_destroyed,15
0,869,52,False,False,nan,-4.790259645320475,0.0,0.0,69.77671123854816,-598463.9280107107,86.50630617991555,176.0158204041193,vessel_destroyed,22
0,885,53,False,False,nan,-4.850544436834753,0.0,0.0,82.02523825864773,-598434.6924839058,86.10066251037642,175.4023899577943,vessel_destroyed,16
0,903,54,False,False,nan,-4.830557030625641,0.0,0.0,81.09105190250557,-598399.6100849971,88.74502139585093,179.62065669371566,vessel_destroyed,18
0,917,55,False,False,nan,-4.870458430610597,0.0,0.0,83.65722333965823,-598404.0611578801,87.96812745346688,177.41952006711193,vessel_destroyed,14
0,932,56,False,False,nan,-4.860333818010986,0.0,0.0,83.07774879946373,-598297.8540674986,86.95613326749299,183.0108509822843,vessel_destroyed,15
0,947,57,False,False,nan,-4.860584573820233,0.0,0.0,73.30437434930354,-598545.2723291746,86.26515007868875,175.19544498377587,vessel_destroyed,15
0,968,58,False,False,nan,-4.8005964551121,0.0,0.0,82.04388541425578,-598449.7410465142,86.17188546503894,175.44457403156085,vessel_destroyed,21
0,981,59,False,False,nan,-4.880564927123487,1417.5220947265625,0.19687806871202257,81.2489282998722,-598447.8762281302,87.398510661209,176.55076922556754,vessel_destroyed,13
0,994,60,False,False,nan,-4.87982745282352,0.0,0.0,89.11362424434628,-598465.5895149352,94.30849702423438,175.12945861034223,vessel_destroyed,13
0,1006,61,False,False,nan,-4.8900171322748065,0.0,0.0,76.61241181124933,-598646.7032168028,86.65114874229766,174.83953305612582,vessel_destroyed,12
0,1017,62,False,False,nan,-4.89751544687897,4258.52783203125,0.5914621988932292,107.24583593709394,-598343.7621135566,106.25401127513032,181.7275333344335,vessel_destroyed,11
0,1029,63,False,False,nan,-4.887342449277639,0.0,0.0,111.66291122604162,-598058.0692778641,107.87916968448553,196.9695789133648,vessel_destroyed,12
0,1040,64,False,False,nan,-4.897385657764971,4258.125,0.59140625,111.81494692340493,-598324.3519320345,107.51185047766194,182.93202953014196,vessel_destroyed,11
0,1053,65,False,False,nan,-4.876931961625814,0.0,0.0,116.5227832266828,-598342.8061625652,111.54026519390754,182.57254709858105,vessel_destroyed,13
0,1066,66,False,False,nan,-4.876615215092897,0.0,0.0,112.8327644688543,-598354.494362781,113.79239560093265,181.65308770182114,vessel_destroyed,13
0,1077,67,False,False,nan,-4.898232879117131,0.0,0.0,100.4949055253528,-598355.4952240728,105.40560751385055,180.76608704576233,vessel_destroyed,11
0,1091,68,False,False,nan,-4.866275946609676,0.0,0.0,116.11994069488719,-598364.8189996964,117.06780585134402,181.27767593685968,vessel_destroyed,14
0,1104,69,False,False,nan,-4.876837198622525,0.0,0.0,112.06925858103205,-598303.5518271832,112.04211252660025,184.39051535289977,vessel_destroyed,13
0,1118,70,False,False,nan,-4.865669591352344,0.0,0.0,120.21757005003747,-598357.8254359965,121.42677338642534,181.77457354502292,vessel_destroyed,14
0,1129,71,False,False,nan,-4.899145587347448,0.0,0.0,70.56639350298792,-598358.700167766,99.97812080115546,180.44676480300248,vessel_destroyed,11
0,1144,72,False,False,nan,-4.855746127665043,0.0,0.0,118.15739806636702,-598349.0734821472,121.26706629490945,182.18154549799192,vessel_destroyed,15
0,1155,73,False,False,nan,-4.897682256996632,1420.13916015625,0.19724155002170138,128.24181627773214,-598305.4917743263,105.06932940520346,185.07872208048215,vessel_destroyed,11
0,1169,74,False,False,nan,-4.8665059031918645,0.0,0.0,114.12050120427739,-598354.9236963699,114.98881468572654,181.6952642609352,vessel_destroyed,14
0,1183,75,False,False,nan,-4.866150219924748,0.0,0.0,117.08143142750487,-598322.6124909823,117.7530591385439,183.42813734658853,vessel_destroyed,14
0,1197,76,False,False,nan,-4.865944898687303,0.0,0.0,116.46422671549954,-598359.1254590037,119.4154545442434,181.53086107775093,vessel_destroyed,14
0,1208,77,False,False,nan,-4.897552520036697,1419.9949951171875,0.19722152709960938,123.95595757651608,-598168.6775857843,106.29908245545812,191.93463480334185,vessel_destroyed,11
0,1222,78,False,False,nan,-4.8656625263392925,0.0,0.0,121.48660471918993,-598292.4052631444,120.69278965028934,185.375847683478,vessel_destroyed,14
0,1233,79,False,False,nan,-4.897811618633568,1420.31396484375,0.19726582845052085,118.65802666486707,-598187.5297824901,104.3105836729519,190.76993424773116,vessel_destroyed,11
0,1247,80,False,False,nan,-4.866217654198408,0.0,0.0,116.85497687989846,-598325.6577711664,117.79695722612087,183.39551850275404,vessel_destroyed,14
0,1259,81,False,False,nan,-4.887673006393015,0.0,0.0,69.14266785944346,-598189.6910360506,107.5579716305947,188.17105349893458,vessel_destroyed,12
0,1273,82,False,False,nan,-4.866119994781911,0.0,0.0,117.83138550654985,-598309.954609177,118.10049606545363,184.2295314093266,vessel_destroyed,14
0,1286,83,False,False,nan,-4.87646294478327,0.0,0.0,112.2782701223623,-598356.5013686559,115.25600799743552,181.55528884462623,vessel_destroyed,13
0,1300,84,False,False,nan,-4.866455529816449,0.0,0.0,114.83356362185441,-598296.2476787786,115.31784753780812,184.85672747131858,vessel_destroyed,14
0,1311,85,False,False,nan,-4.89877671469003,4256.857421875,0.5912301974826389,98.9970983134117,-598283.951327506,100.11829003703315,184.55150653510316,vessel_destroyed,11
0,1322,86,False,False,nan,-4.897641921415925,0.0,0.0,120.42577420920134,-598161.7058670176,105.77114505297504,192.1819742603384,vessel_destroyed,11
0,1335,87,False,False,nan,-4.87662242166698,0.0,0.0,127.94198010489345,-598303.8263340007,114.08928015863057,185.26317448632756,vessel_destroyed,13
0,1346,88,False,False,nan,-4.897567100822926,1418.289306640625,0.19698462592230903,122.96649077546317,-598145.1294657049,106.02535738167353,192.87461114334687,vessel_destroyed,11
0,1357,89,False,False,nan,-4.897685574367642,1421.12646484375,0.19737867567274306,121.92875007737894,-598173.8307005647,105.40064348606393,191.49705185682677,vessel_destroyed,11
0,1369,90,False,False,nan,-4.88807768560946,0.0,0.0,101.76219441124704,-598346.2108764907,106.34383718844038,181.1166254693445,vessel_destroyed,12
0,1381,91,False,False,nan,-4.887061079964042,0.0,0.0,120.31941165321041,-598292.8229505373,110.40369909070432,185.45923823423638,vessel_destroyed,12
0,1392,92,False,False,nan,-4.898711519315839,0.0,0.0,96.72326018253807,-598368.3873940352,104.07295038411394,179.56482079122378,vessel_destroyed,11
0,1405,93,False,False,nan,-4.876694434322417,0.0,0.0,112.49825871677604,-598313.1850146303,113.1331016200129,183.862976676044,vessel_destroyed,13
0,1418,94,False,False,nan,-4.876628817990422,0.0,0.0,131.30727413552813,-598268.012939376,109.65457136684563,187.35846266291244,vessel_destroyed,13
0,1429,95,False,False,nan,-4.898913353681564,0.0,0.0,70.58759680646472,-598203.8724432241,100.2131749887485,187.51203478345366,vessel_destroyed,11
0,1442,96,False,False,nan,-4.876830413937569,0.0,0.0,137.8712632257957,-598263.7844976303,112.56130373070482,187.87334198680108,vessel_destroyed,13
0,1453,97,False,False,nan,-4.89732622448355,4260.486328125,0.5917342122395833,112.15436634549405,-598323.7047509981,108.50267238228116,182.9200755192946,vessel_destroyed,11
0,1465,98,False,False,nan,-4.887837859801948,0.0,0.0,120.15496714925393,-598113.2105573721,108.87054332799744,194.62715748458652,vessel_destroyed,12
0,1476,99,False,False,nan,-4.898195442743599,1420.60107421875,0.19730570475260417,135.3982393591432,-598300.8339284046,103.78212342539337,185.67675161367484,vessel_destroyed,11
0,1490,100,False,False,nan,-4.867317666299641,0.0,0.0,127.4506464645965,-598269.9782890278,116.01850314659532,187.00323272199105,vessel_destroyed,14
0,1504,101,False,False,nan,-4.865822332911193,0.0,0.0,134.56529427797068,-598251.5415500255,113.67103379103355,188.3393830707822,vessel_destroyed,14
0,1516,102,False,False,nan,-4.887458069249988,0.0,0.0,143.4434690674534,-598425.152798894,109.02550763939507,179.6125896991998,vessel_destroyed,12
0,1529,103,False,False,nan,-4.876984911970794,0.0,0.0,117.19232640881091,-598351.7398929241,111.4448226664681,182.18303760866698,vessel_destroyed,13
0,1542,104,False,False,nan,-4.876625762321055,0.0,0.0,138.71840619377326,-598309.2880544339,111.76041892683133,185.58041131970037,vessel_destroyed,13
0,1556,105,False,False,nan,-4.866061149165034,0.0,0.0,123.30626969295554,-598330.863596313,118.91598988848273,183.59443357693974,vessel_destroyed,14
0,1569,106,False,False,nan,-4.876637362875044,0.0,0.0,141.2169745619176,-598323.3020938783,114.14810476463754,184.96919206109828,vessel_destroyed,13
0,1583,107,False,False,nan,-4.866127824410796,0.0,0.0,117.36238343268633,-598246.7258531551,117.95763290917967,187.62755722147813,vessel_destroyed,14
0,1594,108,False,False,nan,-4.898523326031864,1418.4075927734375,0.1970010545518663,119.60972342616878,-598316.0494529936,102.96064945752732,184.16950922509795,vessel_destroyed,11
0,1607,109,False,False,nan,-4.877094102092087,0.0,0.0,139.57354011537973,-598316.504517019,112.90274248481728,185.2338283361162,vessel_destroyed,13
0,1618,110,False,False,nan,-4.8975827265530825,1421.046875,0.1973676215277778,127.93836036568973,-598274.9105416266,106.14569208014291,186.7350989532667,vessel_destroyed,11
0,1631,111,False,False,nan,-4.876530441455543,0.0,0.0,143.81796175893396,-598353.3995246161,114.86300318187568,183.48508208881162,vessel_destroyed,13
0,1642,112,False,False,nan,-4.898808067664504,0.0,0.0,96.14458022813778,-598392.1362013584,104.0705794969108,178.5536606854877,vessel_destroyed,11
0,1654,113,False,False,nan,-4.888509194366634,0.0,0.0,79.05984512460418,-598341.7795098342,108.46357658784837,180.8400563278621,vessel_destroyed,12
0,1667,114,False,False,nan,-4.8764515817165375,0.0,0.0,101.23124025017023,-598361.0132750205,115.07386014366057,180.7251656839962,vessel_destroyed,13
0,1679,115,False,False,nan,-4.887288572266698,0.0,0.0,132.70712571335025,-598250.2671325759,108.71914309088606,188.3355314711349,vessel_destroyed,12
0,1690,116,False,False,nan,-4.897534498944879,1422.199462890625,0.19752770317925347,125.055259417044,-598190.1249903708,106.37806886993349,190.94466945255363,vessel_destroyed,11
0,1703,117,False,False,nan,-4.876596589572728,0.0,0.0,127.08198871766217,-598204.5654934014,114.40197684033774,190.3939327143886,vessel_destroyed,13
0,1715,118,False,False,nan,-4.888640179298818,0.0,0.0,73.08818751212675,-598264.5196210437,109.13290616765153,184.23817180928236,vessel_destroyed,12
0,1729,119,False,False,nan,-4.865986571647227,0.0,0.0,118.54461609886494,-598282.591998575,116.63401830033399,185.73330527779004,vessel_destroyed,14
0,1741,120,False,False,nan,-4.888808750547469,0.0,0.0,94.51945005904417,-598364.3157155116,108.46947492391337,179.64007646025127,vessel_destroyed,12
0,1753,121,False,False,nan,-4.886959266848862,1419.13037109375,0.1971014404296875,113.77153399575036,-598017.1137990841,111.04918716219254,198.89125319460615,vessel_destroyed,12
0,1766,122,False,False,nan,-4.8767449436709285,0.0,0.0,139.6999403567752,-598243.4529457461,113.11884194624145,189.03065088293988,vessel_destroyed,13
0,1778,123,False,False,nan,-4.887227131985128,0.0,0.0,134.27288414922077,-598383.3718990943,108.99138530436903,181.3691641838375,vessel_destroyed,12
0,1789,124,False,False,nan,-4.898620676249266,0.0,0.0,97.93478448397946,-598335.565740169,102.30963142262772,181.4807775976734,vessel_destroyed,11
0,1801,125,False,False,nan,-4.8869662107899785,0.0,0.0,137.7227220889181,-598380.207045795,111.22573175339494,181.74035033972007,vessel_destroyed,12
0,1812,126,False,False,nan,-4.897413810715079,4261.126953125,0.5918231879340278,101.01048018306028,-598361.8333943851,107.4487181439763,180.4702692917985,vessel_destroyed,11
0,1825,127,False,False,nan,-4.876969589851797,0.0,0.0,136.20073449530173,-598177.1314908471,112.40822113142349,192.26107555112182,vessel_destroyed,13
0,1839,128,False,False,nan,-4.866319031454623,0.0,0.0,115.06602507736534,-598336.9392001214,115.89281264308374,182.6952684045469,vessel_destroyed,14
0,1851,129,False,False,nan,-4.886741350404918,4253.91796875,0.5908219401041667,109.91628566593863,-598343.4516494696,112.39753181114793,182.0848004744226,vessel_destroyed,12
0,1865,130,False,False,nan,-4.865998548455536,0.0,0.0,116.87569861940574,-598291.2314236709,118.70670787489507,185.16086305234884,vessel_destroyed,14
0,1878,131,False,False,nan,-4.876415851525962,0.0,0.0,120.20973984035663,-598355.3661324892,115.45140531170182,182.09860874312892,vessel_destroyed,13
0,1890,132,False,False,nan,-4.886895097792149,4254.38671875,0.5908870442708334,103.01105002837721,-598350.8847955042,111.67223288328387,181.30274845935833,vessel_destroyed,12
0,1904,133,False,False,nan,-4.8656431548297405,0.0,0.0,120.59712532744743,-598369.3970141374,121.5605978340609,181.22633899808724,vessel_destroyed,14
0,1917,134,False,False,nan,-4.876268332824111,1415.660888671875,0.19661956787109375,141.4879979195539,-598401.8901895965,116.18844712898135,180.7544709975062,vessel_destroyed,13
0,1929,135,False,False,nan,-4.886865450069308,4256.42041015625,0.5911695014105903,101.13244109868538,-598357.5920785564,111.71446426247712,180.78161175911657,vessel_destroyed,12
0,1940,136,False,False,nan,-4.897468093782663,4260.2470703125,0.5917009819878473,102.72519069805276,-598311.2062183057,106.9123368547298,183.27474786948537,vessel_destroyed,11
0,1954,137,False,False,nan,-4.866360238753259,0.0,0.0,100.84301169787068,-598409.9540756964,117.4128212837968,179.71346138150054,vessel_destroyed,14
0,1967,138,False,False,nan,-4.876367912627757,0.0,0.0,114.65987661329564,-598334.0874995402,114.99779670569114,182.98315623984976,vessel_destroyed,13
0,1979,139,False,False,nan,-4.886994758620858,0.0,0.0,134.2871055644937,-598289.9460776339,110.65233112266287,186.3499959511605,vessel_destroyed,12
0,1992,140,False,False,nan,-4.876588645391166,0.0,0.0,119.57477445423137,-598346.0992757612,114.0737857358763,182.60985780854486,vessel_destroyed,13
0,2006,141,False,False,nan,-4.8658651933074,0.0,0.0,122.8509348849766,-598369.8032621593,119.44502026063856,181.4697225857494,vessel_destroyed,14
0,2020,142,False,False,nan,-4.865473850630224,0.0,0.0,121.5085333106108,-598263.149957418,122.24944514152594,186.9710615224486,vessel_destroyed,14
0,2032,143,False,False,nan,-4.887183939106762,0.0,0.0,132.29477423231583,-598260.2148559348,109.01593190524727,187.79779337668919,vessel_destroyed,12
0,2043,144,False,False,nan,-4.896954385563731,1420.9407958984375,0.19735288831922743,124.73362182755955,-598178.5089599835,109.6429295965936,191.30439256245023,vessel_destroyed,11
0,2056,145,False,False,nan,-4.877068606205285,0.0,0.0,138.02249871578533,-598266.9868919848,111.93569824832957,187.7416959710481,vessel_destroyed,13
0,2068,146,False,False,nan,-4.887493050657213,0.0,0.0,122.49729662691243,-598244.2020102184,108.31253642763477,188.07690302483203,vessel_destroyed,12
0,2081,147,False,False,nan,-4.878555138595402,0.0,0.0,91.0340346909361,-598243.174544136,106.44181802833918,186.5011049144179,vessel_destroyed,13
0,2093,148,False,False,nan,-4.886773604899645,0.0,0.0,120.86052035354078,-598112.3124420001,111.03521002060734,194.7211211810564,vessel_destroyed,12
0,2106,149,False,False,nan,-4.876389158889651,0.0,0.0,145.50901940022595,-598312.5092415903,114.38220209407154,185.77658715106574,vessel_destroyed,13
0,2119,150,False,False,nan,-4.87624051515013,0.0,0.0,114.45163526246324,-598336.9334680982,115.59275846683886,182.73847120765916,vessel_destroyed,13
0,2131,151,False,False,nan,-4.88670389726758,1418.4840087890625,0.1970116678873698,132.67829344782513,-598287.2850602182,111.79102150315885,186.19472060701185,vessel_destroyed,12
0,2144,152,False,False,nan,-4.876139800995588,0.0,0.0,126.23514232598245,-598411.9821151335,116.27014271193184,179.5587157521492,vessel_destroyed,13
0,2157,153,False,False,nan,-4.876625549979508,0.0,0.0,102.66984213329852,-598359.2709192617,112.81063277658541,180.91835455633543,vessel_destroyed,13
0,2169,154,False,False,nan,-4.88664779253304,0.0,0.0,142.93591110082343,-598404.1913920756,111.95562832430005,180.73942633196015,vessel_destroyed,12
0,2180,155,False,False,nan,-4.8972749430686235,1422.29541015625,0.19754102918836805,121.20575740630738,-598178.5907749134,107.10241276968736,191.2284198036227,vessel_destroyed,11
0,2194,156,False,False,nan,-4.865677483379841,0.0,0.0,119.38613831577823,-598379.1788130089,120.29071178019512,180.71762134174475,vessel_destroyed,14
0,2207,157,False,False,nan,-4.876476524397731,0.0,0.0,114.07199605600908,-598318.5458989679,113.96210598526523,183.70903409878076,vessel_destroyed,13
0,2219,158,False,False,nan,-4.887134972959757,0.0,0.0,120.86265870637726,-598161.3093338852,108.23473644559272,192.23190270833445,vessel_destroyed,12
0,2231,159,False,False,nan,-4.8870182214304805,0.0,0.0,132.03180489712395,-598293.7729955848,109.06593840348069,186.0199285128792,vessel_destroyed,12
0,2242,160,False,False,nan,-4.898464842699468,0.0,0.0,95.93023489206098,-598416.1565973616,109.52357694343664,178.56811357365683,vessel_destroyed,11
0,2255,161,False,False,nan,-4.876394363120198,0.0,0.0,120.42906007729471,-598339.7495946911,114.46896638325416,182.96996686507208,vessel_destroyed,13
0,2268,162,False,False,nan,-4.876418798230588,0.0,0.0,109.2418975981418,-598349.1020512031,114.04156230133958,181.82845485983933,vessel_destroyed,13
0,2281,163,False,False,nan,-4.87630857899785,1416.7279052734375,0.19676776462131076,136.18175414565485,-598251.9313533813,114.62050313816871,188.34108848122486,vessel_destroyed,13
0,2295,164,False,False,nan,-4.865929637104273,0.0,0.0,136.54875049903058,-598366.1617581389,118.74481900327373,182.43572507569482,vessel_destroyed,14
0,2308,165,False,False,nan,-4.876555807888508,1418.3759765625,0.19699666341145833,77.05360326427035,-598467.772920371,113.72277326136827,180.62123468510885,vessel_destroyed,13
0,2319,166,False,False,nan,-4.897300763055682,4261.2587890625,0.5918414984809027,107.9022954594111,-598306.5044990093,107.13717236649245,183.47204487379014,vessel_destroyed,11
0,2331,167,False,False,nan,-4.886895666830242,1420.0938720703125,0.19723526000976563,102.69090486841742,-597960.2517353942,110.19250329188071,201.16664573980123,vessel_destroyed,12
0,2344,168,False,False,nan,-4.876115061342716,4247.833984375,0.5899769422743055,122.61514939786866,-598351.517317018,116.85662617301568,182.2214990383145,vessel_destroyed,13
0,2357,169,False,False,nan,-4.876516683027148,0.0,0.0,213.11395947285928,-598405.2798383636,113.59121166507248,184.40266875237361,vessel_destroyed,13
0,2371,170,False,False,nan,-4.866066378541291,0.0,0.0,105.63685603963677,-598357.717669285,118.15699076780584,181.43714572951433,vessel_destroyed,14
0,2383,171,False,False,nan,-4.8869782611727715,0.0,0.0,114.45318245585077,-598208.6700090854,109.70514119893778,189.48522830580046,vessel_destroyed,12
0,2395,172,False,False,nan,-4.886653012596071,4257.10205078125,0.591264173719618,109.53548423945904,-598365.1154856163,112.22214473853819,180.76530152134674,vessel_destroyed,12
0,2408,173,False,False,nan,-4.876477736979723,0.0,0.0,119.41831069998443,-598296.5480651184,114.21893216262106,185.21118872913064,vessel_destroyed,13
0,2421,174,False,False,nan,-4.877984459511936,0.0,0.0,70.42318794876337,-598319.6562358442,115.32212220109068,181.37971900975927,vessel_destroyed,13
0,2435,175,False,False,nan,-4.866238568909466,0.0,0.0,154.3001017572824,-598283.5277957986,116.00196002877783,187.72705343838945,vessel_destroyed,14
0,2448,176,False,False,nan,-4.876463555730879,0.0,0.0,126.71488877793308,-598242.5119467935,114.30493661342189,188.397686322934,vessel_destroyed,13
0,2460,177,False,False,nan,-4.887593638151884,0.0,0.0,125.77668179105967,-598168.7423223185,108.70078742445912,192.1164243592033,vessel_destroyed,12
0,2474,178,False,False,nan,-4.865962968207896,0.0,0.0,149.8199725098675,-598307.3840208388,118.13409205316566,186.2134080340814,vessel_destroyed,14
0,2488,179,False,False,nan,-4.866056837141514,0.0,0.0,119.61024053825531,-598316.5372924469,117.05677865096368,184.1269451787615,vessel_destroyed,14
0,2501,180,False,False,nan,-4.8768237847834826,0.0,0.0,128.91132019774523,-598092.1949068628,113.81245080160443,196.11103631610132,vessel_destroyed,13
0,2516,181,False,False,nan,-4.855224598199129,0.0,0.0,123.42703322460875,-598332.1653272957,123.0633852162864,183.32160585952093,vessel_destroyed,15
0,2529,182,False,False,nan,-4.876327583566308,0.0,0.0,140.1681070413906,-598390.7661179313,115.521813117899,181.280422887609,vessel_destroyed,13
0,2542,183,False,False,nan,-4.876468350179493,0.0,0.0,146.52704284782521,-598379.5548561884,114.40281983755995,182.22985168626423,vessel_destroyed,13
0,2554,184,False,False,nan,-4.886845811270177,0.0,0.0,136.96850459079724,-598299.1165660605,111.22101620410103,186.0012262552643,vessel_destroyed,12
0,2567,185,False,False,nan,-4.876970044337213,0.0,0.0,150.8126712780213,-598400.1216112408,117.06112279684749,181.3566758718828,vessel_destroyed,13
0,2579,186,False,False,nan,-4.886867994442582,1419.6431884765625,0.19717266506618925,86.11616560758557,-598442.337942127,112.87086481612641,179.54133743697167,vessel_destroyed,12
0,2591,187,False,False,nan,-4.886878918856382,0.0,0.0,135.13392117770854,-598137.1849483759,110.92084613151383,194.15398356230182,vessel_destroyed,12
0,2603,188,False,False,nan,-4.886903223581612,0.0,0.0,138.49819779128302,-598198.1778680903,109.95987608993892,191.206381948641,vessel_destroyed,12
0,2616,189,False,False,nan,-4.876381685957313,0.0,0.0,125.49896865827031,-598338.5848091047,115.23267360718455,183.31298005516257,vessel_destroyed,13
0,2628,190,False,False,nan,-4.887602232396603,0.0,0.0,106.97553534118924,-598329.7126792158,110.32727923511993,182.1639304738081,vessel_destroyed,12
0,2641,191,False,False,nan,-4.876207463443279,0.0,0.0,146.78573794965632,-598366.0041202495,115.99863303836901,182.91952930666258,vessel_destroyed,13
0,2654,192,False,False,nan,-4.8762923097237945,0.0,0.0,119.68870685028378,-598345.6884140038,115.57930597744416,182.5558221930741,vessel_destroyed,13
0,2666,193,False,False,nan,-4.886900038458407,1419.7724609375,0.19719061957465278,124.55977011355571,-598110.6617394487,110.75720245775301,194.91663452495058,vessel_destroyed,12
0,2678,194,False,False,nan,-4.886650285683572,4256.4091796875,0.5911679416232639,118.04558022425044,-598351.6790695256,112.80534268007614,181.72925357215382,vessel_destroyed,12
0,2690,195,False,False,nan,-4.886624505743384,1420.171142578125,0.19724599202473958,140.76654912158847,-598300.1025179706,112.83636366343126,186.05197733456893,vessel_destroyed,12
0,2704,196,False,False,nan,-4.866442878730595,0.0,0.0,108.86927418923005,-598358.542361056,118.47141550912056,181.23790765382185,vessel_destroyed,14
0,2717,197,False,False,nan,-4.876464230008423,0.0,0.0,119.20142979407683,-598356.0064274737,114.49120783910621,181.99793572888274,vessel_destroyed,13
0,2731,198,False,False,nan,-4.86595238558948,0.0,0.0,118.17859086173121,-598283.2074131989,118.042825017008,185.76708829850082,vessel_destroyed,14
0,2745,199,False,False,nan,-4.866187985986471,0.0,0.0,135.12306639528833,-598441.9490085973,116.72381298639812,181.84485052185357,vessel_destroyed,14
0,2757,200,False,False,nan,-4.886630191467702,4258.6162109375,0.5914744737413195,110.91454303835053,-598350.5922640105,113.09510065300856,181.8555427828891,vessel_destroyed,12
0,2769,201,False,False,nan,-4.888063173741102,0.0,0.0,70.22212439961731,-598055.3019549231,110.98313927464187,194.999113501432,vessel_destroyed,12
0,2783,202,False,False,nan,-4.8668850408867,0.0,0.0,110.13850194821134,-598359.7808643555,118.31166999600828,181.6748230696312,vessel_destroyed,14
0,2796,203,False,False,nan,-4.876478860154748,0.0,0.0,124.49332717712969,-598420.4792068931,114.62087008054368,181.1795043467559,vessel_destroyed,13
0,2808,204,False,False,nan,-4.886857019737363,0.0,0.0,111.02526099572424,-598212.729607661,111.05236524157226,189.11644861301482,vessel_destroyed,12
0,2821,205,False,False,nan,-4.876031338237226,0.0,0.0,138.4863992856117,-598324.3171404161,113.51342476101127,184.69730425521035,vessel_destroyed,13
0,2835,206,False,False,nan,-4.865256148390472,1417.7215576171875,0.19690577189127603,69.48851546866354,-598421.2429654842,117.61272364400793,182.39684222129677,vessel_destroyed,14
0,2849,207,False,False,nan,-4.865574444644153,0.0,0.0,122.27434760332108,-598261.8135888618,120.35935111041181,187.07366690021396,vessel_destroyed,14
0,2862,208,False,False,nan,-4.877337664365768,0.0,0.0,137.77856530458666,-598404.7017645832,114.58096570544876,180.8911139071411,vessel_destroyed,13
0,2874,209,False,False,nan,-4.8878181697800756,0.0,0.0,107.55928385816514,-598118.7474416733,110.09256227698643,193.70186115568873,vessel_destroyed,12
0,2889,210,False,False,nan,-4.855733439326286,0.0,0.0,127.76949420396704,-598245.8889128808,124.56619640020654,188.11631338891837,vessel_destroyed,15
0,2903,211,False,False,nan,-4.865897671319544,0.0,0.0,122.97563789004926,-598351.5276201416,119.02484882879071,182.4589458094867,vessel_destroyed,14
0,2916,212,False,False,nan,-4.875900700688362,0.0,0.0,136.81515126663726,-598292.9147369674,113.10533440241124,186.31734616171593,vessel_destroyed,13
0,2930,213,False,False,nan,-4.8654338251799345,0.0,0.0,121.72354760195594,-598322.3655434625,122.61728866293561,183.7189380682975,vessel_destroyed,14
0,2944,214,False,False,nan,-4.865470968186855,0.0,0.0,121.7519110350404,-598337.1700392716,122.16621458611917,182.99963760058296,vessel_destroyed,14
0,2958,215,False,False,nan,-4.866818655282259,0.0,0.0,123.89314836612903,-598333.1762408182,118.51824046950787,183.4784954081328,vessel_destroyed,14
0,2970,216,False,False,nan,-4.886884223669767,0.0,0.0,130.02816135494504,-598234.8309743556,110.73573600978125,188.9647604106103,vessel_destroyed,12
0,2984,217,False,False,nan,-4.8671064944937825,0.0,0.0,140.67919037176762,-598245.4086816729,108.86435308028013,189.005937381705,vessel_destroyed,14
0,2998,218,False,False,nan,-4.866453978233039,0.0,0.0,120.31422263709828,-598315.2782094755,121.41325461387169,184.07476380281943,vessel_destroyed,14
0,3011,219,False,False,nan,-4.877262934111059,0.0,0.0,111.89377591537777,-598340.925205828,114.85452438285574,182.3276790089266,vessel_destroyed,13
0,3025,220,False,False,nan,-4.866300098598003,0.0,0.0,122.00160409510136,-598346.1378355803,116.60702788922936,182.6932009967403,vessel_destroyed,14
0,3039,221,False,False,nan,-4.866578879766166,0.0,0.0,117.95683896157425,-598344.343201845,120.46416012523696,182.50182022726568,vessel_destroyed,14
0,3053,222,False,False,nan,-4.866665460169315,0.0,0.0,119.45798547368031,-598306.9847915319,119.79484058253001,184.5701223082433,vessel_destroyed,14
0,3067,223,False,False,nan,-4.866567127406597,0.0,0.0,120.22414521791507,-598272.7567290071,119.20361339207739,186.3863358061894,vessel_destroyed,14
0,3080,224,False,False,nan,-4.876920414157212,4252.04736328125,0.5905621337890625,109.1641296138987,-598360.3068641494,117.20191827043891,181.14844359157112,vessel_destroyed,13
0,3094,225,False,False,nan,-4.86675881780684,0.0,0.0,118.44405135640409,-598333.9318476982,118.99863150843885,183.03915728746608,vessel_destroyed,14
0,3109,226,False,False,nan,-4.855256086215377,0.0,0.0,131.58678751369007,-598210.9750974299,124.06678004888818,190.06228963483255,vessel_destroyed,15
0,3124,227,False,False,nan,-4.85673928167671,0.0,0.0,118.46133426541928,-598290.373039095,122.86570515949279,185.28263170754354,vessel_destroyed,15
0,3138,228,False,False,nan,-4.8666802160441875,0.0,0.0,118.6814270169707,-598322.0464844146,119.66841508832294,183.69156674892903,vessel_destroyed,14
0,3153,229,False,False,nan,-4.855884399265051,0.0,0.0,123.37228380027227,-598286.1892013423,124.47557228244841,185.72781157554294,vessel_destroyed,15
0,3168,230,False,False,nan,-4.855074509046972,0.0,0.0,131.56964173237793,-598228.1361438023,125.92691568227019,189.1517967797162,vessel_destroyed,15
0,3183,231,False,False,nan,-4.8563999980688095,0.0,0.0,121.1505920769414,-598336.3835757762,122.2636681040749,183.0413317931931,vessel_destroyed,15
0,3198,232,False,False,nan,-4.856192979030311,0.0,0.0,122.77245759905782,-598324.2677952319,123.82810371275991,183.66187416784402,vessel_destroyed,15
0,3213,233,False,False,nan,-4.856235280632973,0.0,0.0,119.73834251589142,-598297.489637252,123.70821331965271,184.9944698650787,vessel_destroyed,15
0,3229,234,False,False,nan,-4.844854677096009,0.0,0.0,133.83070851885714,-598031.7419995673,128.33797573682386,199.23005323450954,vessel_destroyed,16
0,3244,235,False,False,nan,-4.8562787575647235,0.0,0.0,122.12082096654922,-598303.7876384447,122.8438332953956,184.6779038208281,vessel_destroyed,15
0,3259,236,False,False,nan,-4.855663244612515,0.0,0.0,128.51358126313426,-598266.6570713806,127.69059745117556,186.9763064615499,vessel_destroyed,15
0,3273,237,False,False,nan,-4.866734364069998,0.0,0.0,118.6547495892737,-598178.174540875,115.48712824960239,191.17048622524368,vessel_destroyed,14
0,3287,238,False,False,nan,-4.866839520633221,0.0,0.0,117.66779930889606,-598333.6110016494,118.44772590650246,183.0178013657888,vessel_destroyed,14
0,3301,239,False,False,nan,-4.866394887678325,0.0,0.0,120.80547385104,-598328.0102469065,121.94059426675085,183.44960039467318,vessel_destroyed,14
